country_code,country,year,renewable_share,energy_use_per_capita,population,gdp_per_capita,total_energy_use,energy_intensity
AUS,Australia,1990,8.0,5047.63880316716,17065128.0,36975.4199007908,86138602273.81439,0.13651335986746171
AUS,Australia,1991,8.2,4925.05735551339,17284036.0,36366.6962397612,85124868634.75822,0.13542768149856357
AUS,Australia,1992,7.5,4960.57443467868,17478635.0,36117.5446503441,86704069934.07999,0.13734528420196523
AUS,Australia,1993,8.6,5171.29276055127,17634808.0,37246.0044332363,91194754944.11162,0.13884154392508985
AUS,Australia,1994,8.3,5127.43388651941,17805468.0,38356.7691976693,91296359988.53699,0.13367741845241157
AUS,Australia,1995,8.2,5138.24234027092,18004882.0,39407.5647528439,92513447023.98177,0.13038720795098388
AUS,Australia,1996,8.9,5429.944199086,18224767.0,40437.0941864857,98959467851.34395,0.13428126595952875
AUS,Australia,1997,9.1,5497.64639169812,18423037.0,41569.1653679391,101283342887.17096,0.1322529895184826
AUS,Australia,1998,8.6,5584.82787538452,18607584.0,43081.7201718179,103920153816.75899,0.1296333538473206
AUS,Australia,1999,8.5,5644.57987814369,18812264.0,44755.6599721318,106187326836.72691,0.12611991157450086
AUS,Australia,2000,8.4,5681.22885913159,19028802.0,45979.0765654048,108106979077.10092,0.12356117789904057
AUS,Australia,2001,8.4,5486.39455905443,19274701.0,46314.6235297968,105748614693.80098,0.11845922822895719
AUS,Australia,2002,8.7,5480.23464289818,19495210.0,47599.4079289312,106838325212.57503,0.11513241196362153
AUS,Australia,2003,7.2,5615.57675632995,19720737.0,48509.6632180363,110743312314.89603,0.11576202314762785
AUS,Australia,2004,6.7,5652.13037917952,19932722.0,50018.5904483861,112662343555.93996,0.11300059294977377
AUS,Australia,2005,6.7,5624.49561264785,20176844.0,50972.640519744,113484570555.0801,0.11034342257527799
AUS,Australia,2006,6.8,5775.11675226564,20450966.0,51682.8925230537,118106716346.61502,0.11174136102559638
AUS,Australia,2007,7.0,5853.76413229662,20827622.0,52671.325846724,121919986624.63199,0.1111375883973634
AUS,Australia,2008,6.8,5951.19291532561,21249199.0,53497.275355342,126458082545.14403,0.11124291612603314
AUS,Australia,2009,7.1,5843.93312947132,21691653.0,53430.5274781651,126764569599.69595,0.10937442329873123
AUS,Australia,2010,8.2,5762.9435664152,22031750.0,53768.349733441,126967731919.36807,0.10718096417288703
AUS,Australia,2011,8.3,5698.65597309349,22340024.0,54296.2321324814,127308111206.65192,0.10495490661652022
AUS,Australia,2012,8.3,5533.72233837943,22733465.0,55465.4462872577,125800683099.26692,0.0997688238136599
AUS,Australia,2013,9.2,5533.38146350965,23128129.0,55966.1509270561,127976760294.25996,0.09887014511184847
AUS,Australia,2014,9.3,5407.4382264583,23475686.0,56571.8062524437,126943321868.73195,0.09558539111034162
AUS,Australia,2015,9.4,5318.66679266228,23815995.0,56970.3613028094,126669341740.7109,0.09335848801085275
AUS,Australia,2016,9.6,5216.98867184459,24190907.0,57632.9995925594,126203687780.64598,0.09052085972839281
AUS,Australia,2017,9.9,5162.45894302308,24592588.0,57991.771347333,126958225852.68208,0.08902054245081269
AUS,Australia,2018,9.8,5086.37378454852,24963258.0,58772.7063152213,126972461068.12112,0.08654312696216987
AUS,Australia,2019,10.3,5231.57466031316,25334826.0,59181.2997904131,132541033725.04301,0.08839911726914511
AUS,Australia,2020,11.2,5159.03638381788,25649248.0,58377.7670517802,132325403649.568,0.08837330792803179
AUS,Australia,2021,12.3,5006.44306522882,25685412.0,59465.535671364,128592552784.94511,0.08419066621878098
BRA,Brazil,1990,49.8,942.317182249676,149143223.0,6149.86718171298,140540221648.99506,0.15322561518917285
BRA,Brazil,1991,48.9,943.263545697103,151724256.0,6107.64813406258,143115959682.81497,0.1544397327731582
BRA,Brazil,1992,48.7,937.431462820155,154275079.0,5973.98216883419,144622312983.66498,0.15691902592389104
BRA,Brazil,1993,48.2,945.489101780969,156794577.0,6167.46021218994,148247563771.857,0.15330282956867994
BRA,Brazil,1994,48.3,980.074664998028,159265006.0,6427.1682800904,156091597401.35892,0.15248934247357887
BRA,Brazil,1995,46.1,998.777374735819,161735073.0,6596.33496795058,161537331613.64603,0.15141398664387867
BRA,Brazil,1996,44.5,1035.82555427523,164202549.0,6640.72624266152,170085196331.3306,0.1559807642153434
BRA,Brazil,1997,43.7,1072.29461426603,166661659.0,6764.85764267331,178710399350.34164,0.15850956086672136
BRA,Brazil,1998,43.8,1082.21810429873,169159655.0,6687.49446621217,183067641157.9272,0.16182714015937028
BRA,Brazil,1999,44.0,1091.29495874763,171641543.0,6621.63600079445,187311550587.56458,0.16480745220919704
BRA,Brazil,2000,42.7,1081.36193393467,174018282.0,6817.78345634413,188176745963.5088,0.15860901726475837
BRA,Brazil,2001,41.3,1086.99299318566,176301203.0,6823.0331851176,191638172351.20267,0.15931228292376023
BRA,Brazil,2002,42.9,1103.40127916211,178503484.0,6944.62257593723,196960972580.49326,0.15888570863236548
BRA,Brazil,2003,45.1,1107.9739157885,180622688.0,6941.43965883253,200125226903.60452,0.15961730854761166
BRA,Brazil,2004,45.2,1157.16905577095,182675143.0,7258.78101654079,211386022738.13327,0.1594164437712167
BRA,Brazil,2005,46.1,1173.71585743449,184688101.0,7409.56827992249,216771352823.16272,0.1584054310714535
BRA,Brazil,2006,46.7,1202.05933940304,186653106.0,7622.03919432148,224368109295.8856,0.15770836501320934
BRA,Brazil,2007,47.2,1259.91135986965,188552320.0,8003.2532101272,237559209897.77737,0.1574249029476384
BRA,Brazil,2008,47.0,1317.23578420454,190367302.0,8330.76364001877,250758622336.87253,0.15811705158418973
BRA,Brazil,2009,48.9,1262.10043812649,192079951.0,8246.09612122851,242424190312.41473,0.1530542961871831
BRA,Brazil,2010,46.8,1384.36896688389,193701929.0,8792.63334959864,268154939333.1466,0.1574464568054669
BRA,Brazil,2011,45.2,1390.00783643031,195284734.0,9067.99212019529,271447310595.2086,0.153287278816071
BRA,Brazil,2012,43.5,1433.15306444735,196876111.0,9167.49818450433,282153601796.12665,0.15632978982965984
BRA,Brazil,2013,42.3,1487.45745839708,198478299.0,9366.73824670239,295228026177.5157,0.15880207380843028
BRA,Brazil,2014,41.7,1522.42189026812,200085127.0,9338.34170840985,304613977261.87683,0.16302914776582544
BRA,Brazil,2015,43.7,1482.02057858653,201675532.0,8936.1955889444,298887288621.3862,0.16584468903299773
BRA,Brazil,2016,45.4,1414.8979311951,203218114.0,8577.84277969667,287532889079.97,0.16494799071674449
BRA,Brazil,2017,45.3,1431.95949698072,204703445.0,8628.25209645723,293127042132.4205,0.1659617128675093
BRA,Brazil,2018,46.9,1403.40232453429,206107261.0,8722.33529970988,289251409190.79565,0.16089754364074604
BRA,Brazil,2019,47.5,1415.83477031974,207455459.0,8771.43950372603,293722652144.84125,0.16141418631665944
BRA,Brazil,2020,50.0,1379.24649914162,208660842.0,8435.01046209185,287794735836.4427,0.1635144977401216
BRA,Brazil,2021,46.5,1430.3934661032,209550294.0,8799.22844579944,299739371357.60455,0.16255896467673125
CAN,Canada,1990,22.6,7641.54876651682,27691138.0,31700.5462613508,211603181427.34705,0.2410541668120518
CAN,Canada,1991,22.7,7529.00297774185,28037420.0,30654.3331550624,211093818668.1989,0.24560974592587007
CAN,Canada,1992,22.4,7616.97320016327,28371264.0,30563.3788132238,216103157542.757,0.2492189507813072
CAN,Canada,1993,22.3,7782.92897388185,28684764.0,31032.7546058282,223251480844.56302,0.25079723256085534
CAN,Canada,1994,22.2,7971.05824834315,29000663.0,32074.1562636226,231165974013.57,0.2485196549779128
CAN,Canada,1995,22.4,7995.23710734235,29302311.0,32595.4515150443,234278924238.08594,0.24528689543239432
CAN,Canada,1996,22.1,8070.95400503596,29610218.0,32801.3018574024,238982707557.0879,0.2460559047358224
CAN,Canada,1997,21.8,8069.49923971315,29905948.0,33867.0079071879,241326024648.901,0.2382702145352642
CAN,Canada,1998,22.0,7963.20719845056,30155173.0,34894.6134264056,240131890704.12198,0.22820734825578
CAN,Canada,1999,22.2,8117.62871957032,30401286.0,36391.535343959,246786352345.4711,0.22306365045732665
CAN,Canada,2000,20.3,8224.74786425172,30685730.0,37906.8601321366,252382392280.5049,0.2169725436393757
CAN,Canada,2001,19.8,8017.16666642228,31020855.0,38200.456120621,248699364669.9189,0.20987096701430566
CAN,Canada,2002,20.1,7943.44588697183,31359199.0,38921.6673033743,249100100315.28113,0.20408801670947885
CAN,Canada,2003,19.7,8303.4318789013,31642461.0,39270.0234577749,262741019394.2911,0.21144453574950284
CAN,Canada,2004,20.4,8371.02231862308,31938807.0,40108.7587456658,267360466227.19504,0.20870808722116493
CAN,Canada,2005,21.6,8369.95929648006,32242732.0,41006.2229523971,269870354447.3151,0.20411436835322522
CAN,Canada,2006,21.5,8427.44174185883,32571193.0,41663.5123057295,274491831470.3401,0.20227391488306906
CAN,Canada,2007,21.6,8356.30636250042,32888886.0,42106.8724378248,274829607337.35098,0.19845469109203917
CAN,Canada,2008,21.6,8098.35289361915,33247298.0,42067.5687072607,269248351963.31818,0.1925082229014439
CAN,Canada,2009,22.2,7696.33407281264,33630069.0,40376.4153847836,258828245915.7401,0.19061459516569934
CAN,Canada,2010,21.4,7660.75452103288,34005902.0,41164.3399119626,260510867488.30106,0.1861017214758403
CAN,Canada,2011,21.5,7716.24822782698,34339221.0,42043.6419795513,264969953186.209,0.18352949136946603
CAN,Canada,2012,21.8,7637.78487245197,34713395.0,42320.6431330726,265133443202.44986,0.180474215584007
CAN,Canada,2013,22.2,7668.79466344868,35080992.0,42851.170527104,269028924238.08582,0.17896348148991761
CAN,Canada,2014,22.2,7780.1475931021,35434066.0,43643.2356440047,275682263303.72095,0.17826697489994336
CAN,Canada,2015,22.3,7690.40816617685,35704498.0,43594.1941045394,274582162988.445,0.1764089995042725
CAN,Canada,2016,22.1,7944.50789345873,36110803.0,43551.3425975115,286882559472.6332,0.18241706040797637
CAN,Canada,2017,22.8,8175.19037647623,36545075.0,44339.3886689254,298762945447.60205,0.18437760695166486
CAN,Canada,2018,22.3,8161.77967501099,37072620.0,44907.3436912123,302578556415.40594,0.18174710424050597
CAN,Canada,2019,22.4,8125.58121311618,37618495.0,45100.2915069262,305672136237.70496,0.18016693333053752
CAN,Canada,2020,23.9,7495.07932297849,38028638.0,42366.1285377884,285027658354.8341,0.1769120658804891
CAN,Canada,2021,23.8,7524.86361233157,38239864.0,44639.193269037,287749761154.108,0.1685707796505146
CHN,China,1990,33.9,773.250116673841,1135185000.0,917.270661782581,877781933696.3943,0.8429901324557169
CHN,China,1991,33.1,740.586120549437,1150780000.0,989.548540519036,852251695805.8812,0.7484080772439786
CHN,China,1992,32.8,756.63514647117,1164970000.0,1117.27329480169,881457246584.5188,0.677215816391162
CHN,China,1993,31.5,792.633509359554,1178440000.0,1258.34946089635,934071032769.6727,0.629899351484558
CHN,China,1994,31.1,821.273750333988,1191835000.0,1406.85845705008,978822800229.3086,0.5837643056544907
CHN,China,1995,29.4,872.82633002387,1204855000.0,1545.19429404212,1051629167860.9099,0.5648651003885198
CHN,China,1996,30.5,884.894160616361,1217550000.0,1681.62743528935,1077402885258.4503,0.5262129661104757
CHN,China,1997,30.0,876.489344673065,1230075000.0,1819.09789302268,1078147630648.7205,0.48182637560898833
CHN,China,1998,29.5,872.405987083978,1241935000.0,1944.43719705771,1083471529569.1401,0.4486676085008496
CHN,China,1999,30.3,880.738578841902,1252735000.0,2076.81812919622,1103332043565.5103,0.42408074470284485
CHN,China,2000,29.6,898.07500446721,1262645000.0,2237.44298500334,1133949914015.5002,0.4013845315776256
CHN,China,2001,28.4,921.506436459842,1271850000.0,2405.89396743215,1172017961211.45,0.3830203861574918
CHN,China,2002,27.0,976.159336791292,1280400000.0,2610.72960252379,1249874414827.5703,0.37390288747162465
CHN,China,2003,23.9,1105.13742396493,1288400000.0,2857.0373538115,1423859057036.4158,0.3868123818859402
CHN,China,2004,20.2,1249.04415339994,1296075000.0,3127.86276523632,1618854901117.8271,0.3993283104623584
CHN,China,2005,17.4,1369.79197119649,1303720000.0,3465.81734409951,1785825188688.288,0.39522912929284504
CHN,China,2006,16.4,1490.18647938836,1311020000.0,3883.35412942474,1953664278207.7278,0.38373695257329227
CHN,China,2007,14.9,1595.46606847798,1317885000.0,4409.75700836878,2102640799656.1025,0.36180362442876673
CHN,China,2008,14.1,1629.97754209383,1324655000.0,4811.47471804961,2159157901022.3022,0.33876880532681286
CHN,China,2009,13.4,1728.61645229501,1331260000.0,5237.76666540352,2301237938282.255,0.33002929735546677
CHN,China,2010,12.3,1899.79996108685,1337705000.0,5764.86534987407,2541371906945.6846,0.3295480199079325
CHN,China,2011,11.3,2027.46525356855,1345035000.0,6275.90956436258,2727011727333.5747,0.3230552054289316
CHN,China,2012,11.5,2085.21872095825,1354190000.0,6723.19443752823,2823782339734.452,0.3101529697428886
CHN,China,2013,11.5,2137.32572690907,1363240000.0,7198.06876478162,2913687923951.5205,0.296930440198971
CHN,China,2014,11.9,2177.55011435267,1371860000.0,7686.57792954381,2987293899875.8535,0.283292530735053
CHN,China,2015,12.2,2175.1544486832,1379860000.0,8175.33285077393,3001408617560.0,0.26606310573364433
CHN,China,2016,12.6,2149.2047500244,1387790000.0,8679.37704460133,2982644860036.362,0.24762200547114488
CHN,China,2017,13.1,2215.91139022057,1396215000.0,9221.51403820573,3093888721696.813,0.2402980010700856
CHN,China,2018,13.5,2310.87757050979,1402760000.0,9798.6528523316,3241606620808.313,0.2358362527314063
CHN,China,2019,14.3,2397.96868908473,1407745000.0,10356.4804194995,3375728432215.5835,0.23154282072215973
CHN,China,2020,14.9,2465.96954605987,1411100000.0,10573.6420059282,3479729626445.0825,0.2332185584377931
CHN,China,2021,15.2,2623.79959356116,1412360000.0,11469.5707134928,3705749593962.0396,0.22876179580762537
DEU,Germany,1990,2.1,4421.75298411525,79433029.0,29763.3124657124,351233233018.0632,0.14856387336621718
DEU,Germany,1991,2.0,4303.21110441046,80013896.0,31056.5938822126,344316685774.3437,0.13856030447933596
DEU,Germany,1992,2.1,4191.07717344268,80624598.0,31441.9743477578,337903912295.79236,0.1332956107364026
DEU,Germany,1993,2.1,4123.06429325007,81156363.0,30932.0193060317,334612902455.3411,0.1332943786326319
DEU,Germany,1994,2.3,4089.20711052609,81438348.0,31625.3939679554,333018271711.0982,0.12930138086720758
DEU,Germany,1995,2.3,4119.89234314538,81678051.0,32007.145402934,336504776917.93787,0.12871789381029033
DEU,Germany,1996,2.2,4247.28041587343,81914831.0,32245.8608379557,347915257475.8817,0.1317155227214178
DEU,Germany,1997,2.8,4203.57228180046,82034771.0,32795.7833455165,344839089519.4482,0.1281741691458981
DEU,Germany,1998,3.0,4177.53862595182,82047195.0,33477.9856458764,342755326263.50104,0.12478464714517203
DEU,Germany,1999,3.3,4080.1161545149,82100243.0,34168.8308210083,334978527753.8988,0.11941047019982577
DEU,Germany,2000,3.7,4094.27901518469,82211508.0,35104.1308467844,336596852011.08826,0.11663239956159556
DEU,Germany,2001,3.9,4210.00080103251,82349925.0,35618.5143698493,346693250214.9671,0.11819697916980591
DEU,Germany,2002,4.4,4108.61729515583,82488495.0,35477.5151544301,338913657208.37524,0.11580904911946137
DEU,Germany,2003,5.4,4096.47794323132,82534176.0,35270.0227284267,338099431546.7718,0.11614616681065157
DEU,Germany,2004,6.3,4131.61083697,82516260.0,35687.6378708542,340925074042.2341,0.11577148512662565
DEU,Germany,2005,7.3,4109.8805864045,82469422.0,36024.0947047021,338939476449.8002,0.11408699150094259
DEU,Germany,2006,8.6,4235.93876578004,82376451.0,37459.261328042,348941602178.2799,0.11308121451420658
DEU,Germany,2007,10.5,4023.73935857078,82266372.0,38593.0749910508,331018438903.22516,0.10426065711280662
DEU,Germany,2008,10.2,4081.87998694017,82110097.0,39009.8477636357,335163561670.0161,0.10463716781651293
DEU,Germany,2009,10.7,3821.62500577239,81902307.0,36940.4078672661,312999904461.64703,0.1034537847958857
DEU,Germany,2010,11.6,4029.83085754355,81776930.0,38526.7371042695,329547195949.17883,0.1045982909644577
DEU,Germany,2011,12.5,3891.87175356307,80274983.0,40722.4849268242,312419938855.4556,0.0955705861407162
DEU,Germany,2012,13.6,3913.43920397127,80425823.0,40834.5088218456,314741568739.85425,0.095836568551491
DEU,Germany,2013,13.6,3986.18505186393,80645605.0,40884.8926759028,321468305149.523,0.09749775017052575
DEU,Germany,2014,14.0,3794.44720253102,80982500.0,41602.4661281668,307283820578.9683,0.09120726619526055
DEU,Germany,2015,14.6,3780.85027551891,81686611.0,41929.7549110722,308844845705.556,0.09017105593718884
DEU,Germany,2016,14.2,3765.21799936242,82348669.0,42516.9337063103,310060690742.33813,0.08855807959649714
DEU,Germany,2017,15.2,3763.19404182465,82657002.0,43543.4807050551,311054337441.48816,0.08642382236998726
DEU,Germany,2018,16.0,3659.22924485198,82905782.0,43905.8550061973,303371262061.7229,0.08334262581460902
DEU,Germany,2019,17.1,3570.88159282488,83092962.0,44235.2658954682,296715128499.0972,0.08072476836158701
DEU,Germany,2020,18.5,3349.19931383762,83160871.0,42372.8726784255,278522332091.33887,0.07904111999333227
DEU,Germany,2021,17.6,3467.03057027911,83196078.0,44011.0194631674,288443345753.3253,0.07877642037309884
ESP,Spain,1990,10.6,2317.97017574877,38867322.0,19174.77083233,90093293207.22404,0.12088646044418486
ESP,Spain,1991,9.9,2398.21804948706,38966376.0,19612.9766041957,93449866246.29938,0.1222771075438912
ESP,Spain,1992,8.2,2430.88437246788,39157685.0,19698.51176766,95187804528.51991,0.12340446837505667
ESP,Spain,1993,9.1,2319.50158512719,39361262.0,19394.4931411816,91298509601.60663,0.11959588571057009
ESP,Spain,1994,9.2,2435.94127282847,39549108.0,19762.3886289154,96339304480.75063,0.12326148010591773
ESP,Spain,1995,8.3,2537.01654979213,39724050.0,20217.9031940372,100780572274.77005,0.12548366294188032
ESP,Spain,1996,10.1,2489.29122824676,39889852.0,20658.8402775701,99297458679.66148,0.120495206642817
ESP,Spain,1997,9.2,2634.70993203434,40057389.0,21310.4311888986,105539600649.66312,0.12363475467389222
ESP,Spain,1998,8.9,2756.25615027943,40223509.0,22135.4045018802,110866294067.07,0.12451799333711347
ESP,Spain,1999,7.7,2878.01236592727,40386875.0,23017.838771323,116233925671.1589,0.12503399622004782
ESP,Spain,2000,7.9,2991.49306471374,40567864.0,24106.8818529374,121358483806.2502,0.12409290770009848
ESP,Spain,2001,8.9,3048.84384472463,40850412.0,24878.3784543991,124546527180.66516,0.12254994232493961
ESP,Spain,2002,7.4,3095.99686843763,41431558.0,25205.3154769045,128271973822.49203,0.12283110962346319
ESP,Spain,2003,8.9,3145.4023925367,42187645.0,25481.1653690112,132697119518.48895,0.12344028803180118
ESP,Spain,2004,8.0,3226.28942874321,42921895.0,25825.3106463315,138478456100.12604,0.12492741996121956
ESP,Spain,2005,7.3,3239.54436471806,43653155.0,26294.447384391,141416332282.414,0.12320260309563036
ESP,Spain,2006,8.5,3190.72627710892,44397319.0,26899.0921497113,141659692366.48712,0.11861836300461036
ESP,Spain,2007,9.0,3168.95970956596,45226803.0,27338.79541774,143321916499.4769,0.11591438690490508
ESP,Spain,2008,9.7,3015.00798974738,45954106.0,27112.526293889,138551996751.69803,0.11120350634484934
ESP,Spain,2009,12.2,2749.85548907362,46362946.0,25860.8142592652,127491401547.72383,0.10633290435116227
ESP,Spain,2010,14.4,2735.18257337486,46576897.0,25766.2515825743,127396316996.2758,0.10615368574700491
ESP,Spain,2011,14.7,2684.34318918947,46742697.0,25510.5579678829,125473440336.29707,0.10522479330201187
ESP,Spain,2012,15.8,2677.18038552382,46773055.0,24763.568274484,125219905417.02684,0.10810963734504875
ESP,Spain,2013,16.9,2506.25540520067,46604197.0,24498.5559507945,116802020636.28685,0.10230216875780349
ESP,Spain,2014,17.3,2458.57177736167,46460733.0,24947.8512505913,114227046909.33598,0.09854843820681343
ESP,Spain,2015,16.3,2552.40125248088,46422303.0,25982.4416197775,118488344320.24692,0.0982356196477711
ESP,Spain,2016,16.7,2563.00704379932,46458139.0,26719.2442268615,119072537498.80789,0.09592363549050789
ESP,Spain,2017,15.2,2690.49733287835,46571232.0,27426.281015093,125299775484.85886,0.09809924033804429
ESP,Spain,2018,16.9,2666.26079715432,46782011.0,27956.7225466484,124733041941.34216,0.09537100755302824
ESP,Spain,2019,16.7,2573.90442450746,47118501.0,28301.4393949563,121278518200.05919,0.09094606067867222
ESP,Spain,2020,19.3,2303.51311623486,47359424.0,25077.019882928,109093054361.328,0.09185753039989618
ESP,Spain,2021,19.0,2422.46704705393,47443821.0,26705.3629138959,114931092958.82523,0.09071088286141285
FRA,France,1990,10.5,3840.29284408953,58261012.0,27992.9751471374,223739347473.01422,0.1371877345621208
FRA,France,1991,11.1,4038.65106657847,58554242.0,28197.2359540607,236480151905.99384,0.1432286154982812
FRA,France,1992,11.3,3949.27198438536,58846584.0,28482.5194675509,232401165567.9798,0.1386559917525773
FRA,France,1993,10.9,3997.18558148783,59103094.0,28257.0962487817,236246035158.11987,0.14145776148744116
FRA,France,1994,11.0,3831.06683360221,59324863.0,28822.5006495069,227277515047.2949,0.13291930773771193
FRA,France,1995,10.7,3975.88904728611,59541294.0,29379.6158424052,236729578675.84216,0.13532814957871206
FRA,France,1996,10.5,4186.80246709718,59754504.0,29683.7786067651,250180304767.36832,0.14104681626155857
FRA,France,1997,10.0,4043.67394488538,59968066.0,30325.522871824,242491306009.36682,0.13334226624802673
FRA,France,1998,9.7,4146.55454542881,60190684.0,31256.5073830655,249583954332.66916,0.1326621203901808
FRA,France,1999,9.8,4117.93049493822,60501986.0,32152.7207478734,249142973153.72528,0.12807409137251885
FRA,France,2000,9.3,4130.17270058081,60918661.0,33255.1379642335,251604590618.13684,0.12419652881978371
FRA,France,2001,9.4,4240.43326978854,61364377.0,33640.6738002565,260211545810.6467,0.12605078289948543
FRA,France,2002,8.7,4220.32024855816,61812142.0,33753.5782979758,260867034489.35226,0.12503326940039575
FRA,France,2003,8.8,4296.5464931216,62249855.0,33840.6175720101,267459396197.5781,0.12696418686742036
FRA,France,2004,8.9,4327.20397302417,62707588.0,34557.1471111581,271348523932.3628,0.12521878496234334
FRA,France,2005,8.6,4313.6963002429,63180854.0,34946.0372494703,272543016145.98685,0.12343878275664248
FRA,France,2006,8.5,4214.29234630039,63622342.0,35645.4162427116,268123148944.30585,0.11822817042183043
FRA,France,2007,9.4,4142.17819118209,64016890.0,36322.1685141004,265169365625.30283,0.11403994752059149
FRA,France,2008,10.5,4137.71989985562,64375116.0,36257.3658930938,266366198528.7139,0.11412080822572278
FRA,France,2009,11.2,3938.38637955439,64706436.0,35052.8510772683,254838946211.90784,0.11235566461834612
FRA,France,2010,11.9,4040.43918739374,65026211.0,35578.1968010183,262734451132.13388,0.1135650356309822
FRA,France,2011,10.6,3951.00450412595,65340830.0,36269.9561530888,258161913633.328,0.10893325835436601
FRA,France,2012,12.3,3929.20601557226,65657659.0,36161.2918253465,257982468711.19214,0.10865778895703514
FRA,France,2013,13.4,3925.86545930191,65997932.0,36256.086680981,259099001624.15622,0.1082815554211844
FRA,France,2014,13.2,3755.83244171123,66312067.0,36444.3949089146,249057012515.52866,0.10305651804888445
FRA,France,2015,13.3,3799.19260526718,66548272.0,36702.4323733379,252829702875.70895,0.10351337389908426
FRA,France,2016,14.2,3718.17053401513,66724104.0,36920.5342846914,248091597401.36108,0.10070738698808103
FRA,France,2017,14.1,3705.41111644137,66918020.0,37580.5979329356,247958775198.2459,0.09859904632315472
FRA,France,2018,15.2,3669.37065950443,67158348.0,38062.4435961412,246428871691.988,0.09640396970930247
FRA,France,2019,15.5,3605.53190025511,67382061.0,38705.2072940618,242948170440.43573,0.0931536646441957
FRA,France,2020,16.8,3228.48915727036,67601110.0,35709.2045925926,218249450654.44092,0.09041055924107778
FRA,France,2021,16.2,3469.83398574773,67842811.0,38030.8571685178,235403291296.45993,0.09123733315745725
GBR,United Kingdom,1990,0.7,3597.3010525851,57247586.0,30071.2085616955,205936801375.75604,0.11962608836305028
GBR,United Kingdom,1991,0.6,3707.89443811568,57424897.0,29590.9054053428,212925456195.6658,0.12530520399170345
GBR,United Kingdom,1992,0.8,3684.81144729003,57580402.0,29893.0776793743,212172924429.16174,0.12326637915347491
GBR,United Kingdom,1993,0.8,3713.443124142,57718614.0,30862.4118121654,214334790293.30618,0.12032251875656162
GBR,United Kingdom,1994,1.0,3733.80487842151,57865745.0,32308.7952722115,216059400974.4951,0.11556620564038553
GBR,United Kingdom,1995,1.1,3729.55293237334,58019030.0,33362.0161272507,216385043469.9568,0.11179039414608319
GBR,United Kingdom,1996,0.9,3880.31355582242,58166950.0,34147.3459054033,225706004585.8449,0.11363441148755338
GBR,United Kingdom,1997,1.0,3760.81073205794,58316954.0,35721.6105928791,219319026464.1292,0.10528110770032403
GBR,United Kingdom,1998,1.0,3787.50885825831,58487141.0,36773.9287790406,221520564631.7028,0.1029944034812242
GBR,United Kingdom,1999,0.9,3784.31837908023,58682466.0,37730.7155591161,222073134613.55072,0.1002980813642667
GBR,United Kingdom,2000,1.0,3786.40281086309,58892514.0,39297.1366317267,222990780548.3939,0.09635314772033855
GBR,United Kingdom,2001,0.8,3785.6601241847,59119673.0,40082.1359356822,223806988630.93887,0.09444756462727834
GBR,United Kingdom,2002,1.0,3716.62337347063,59370479.0,40594.932929345,220657709945.5472,0.09155387397583263
GBR,United Kingdom,2003,0.9,3764.06191688174,59647577.0,41706.8303930126,224517173019.9712,0.09025049090070283
GBR,United Kingdom,2004,1.1,3697.50381825103,59987905.0,42434.8209023638,221805507786.38007,0.08713372036513212
GBR,United Kingdom,2005,1.4,3689.55051742336,60401206.0,43320.5628684438,222853300850.29495,0.08516857291600329
GBR,United Kingdom,2006,1.6,3601.05090812166,60846820.0,43944.9985799069,219112496417.3152,0.08194449936262323
GBR,United Kingdom,2007,1.8,3443.58715993443,61322463.0,44882.141312304,211169246202.35416,0.07672510845623144
GBR,United Kingdom,2008,2.4,3370.1581117517,61806995.0,44508.2874631479,208299345562.24677,0.07571978846730809
GBR,United Kingdom,2009,3.0,3144.00201324492,62276270.0,42146.5095879962,195796718257.38422,0.07459697241786226
GBR,United Kingdom,2010,3.2,3235.05383786127,62766365.0,42762.720840223,203052569981.8513,0.075651262929424
GBR,United Kingdom,2011,4.0,2973.83120573757,63258810.0,42791.0934313474,188121023215.82385,0.06949649955799063
GBR,United Kingdom,2012,4.2,3028.77223348044,63711000.0,43136.7006795996,192966107767.2723,0.0702133493235105
GBR,United Kingdom,2013,5.2,2962.29760006424,64139000.0,43585.1936238647,189998805770.5203,0.06796568636653387
GBR,United Kingdom,2014,6.6,2767.96188412765,64620000.0,44627.8818268644,178865696952.32877,0.06202315168947667
GBR,United Kingdom,2015,7.7,2774.79682774608,65088000.0,45255.3449216209,180605975924.33685,0.06131423443024983
GBR,United Kingdom,2016,7.7,2696.97999020896,65607000.0,45888.0105130748,176940766217.63922,0.05877308604260613
GBR,United Kingdom,2017,8.8,2658.99577329303,65966000.0,47018.0254757676,175403315181.04803,0.05655268902483873
GBR,United Kingdom,2018,10.2,2632.15067210726,66289000.0,47514.7763693453,174482635903.31818,0.05539646554677719
GBR,United Kingdom,2019,11.4,2515.97344619501,66631000.0,47864.7588712634,167641826693.41974,0.05256421437245612
GBR,United Kingdom,2020,13.6,2317.4085386833,66744000.0,42982.4631007642,154673115505.87817,0.053915210332422706
GBR,United Kingdom,2021,12.2,2377.26368887082,66984000.0,46487.3424706549,159238630935.323,0.051137870278806875
IDN,Indonesia,1990,59.2,461.47874965682,183501098.0,1470.91822258528,84681857265.69359,0.31373515031021015
IDN,Indonesia,1991,58.4,477.034665447769,186778238.0,1544.99580894527,89099694277.25377,0.3087611388236895
IDN,Indonesia,1992,57.5,489.759547327284,190043744.0,1617.10954872218,93075738033.82225,0.3028610818075287
IDN,Indonesia,1993,56.1,534.334769070592,193305168.0,1693.1074260189,103289672303.43198,0.315594132338669
IDN,Indonesia,1994,53.4,524.021858215958,196591828.0,1790.32729962455,103018415018.632,0.2926961222821384
IDN,Indonesia,1995,50.7,574.757187942779,199888057.0,1905.54236111238,114887097544.66591,0.3016239364037326
IDN,Indonesia,1996,49.3,587.218752078902,203204348.0,2020.99148132509,119325403649.56691,0.2905597363992273
IDN,Indonesia,1997,47.6,595.387791448216,206536095.0,2081.8416693962,122969069456.38893,0.28599090901129737
IDN,Indonesia,1998,48.9,567.577817932084,209826788.0,1780.20049544892,119093030476.73799,0.31882803054099573
IDN,Indonesia,1999,45.8,587.052743287001,213004668.0,1767.51466729756,125044974682.33688,0.3321345809167031
IDN,Indonesia,2000,45.6,585.786495774263,216077790.0,1828.10265968361,126575451418.74709,0.32043413572607854
IDN,Indonesia,2001,44.3,591.12494475388,219097902.0,1868.59172307292,129514235215.44101,0.3163478342833331
IDN,Indonesia,2002,44.7,606.322305750967,222088495.0,1926.37435868149,134657208369.1621,0.31474791128655033
IDN,Indonesia,2003,43.0,597.275615070065,225048008.0,1991.91820506473,134415687398.4929,0.2998494684929373
IDN,Indonesia,2004,41.5,634.752388297531,227926649.0,2065.70617470842,144676984809.40305,0.307281062558245
IDN,Indonesia,2005,41.6,637.329758271386,230871650.0,2155.4478015921,147141372886.21603,0.2956832254534899
IDN,Indonesia,2006,40.1,643.624656628862,233951652.0,2244.0802226202,150577051686.255,0.2868100035556494
IDN,Indonesia,2007,40.0,628.600516176574,237062337.0,2355.1528565328,149017507404.22495,0.26690433889797915
IDN,Indonesia,2008,41.1,632.507070175417,240157903.0,2464.60193418272,151901571606.00198,0.25663660382753084
IDN,Indonesia,2009,38.2,674.894542379565,243220028.0,2546.21969707767,164147869494.60498,0.2650574666255824
IDN,Indonesia,2010,36.0,669.112078931141,246305322.0,2670.8129098953,164805866055.2241,0.2505274991191245
IDN,Indonesia,2011,32.4,664.807893671477,249470032.0,2799.62468790318,165849646508.07596,0.2374632201751995
IDN,Indonesia,2012,30.1,680.546536439194,252698525.0,2930.518445323,171973105952.0431,0.23222735128158684
IDN,Indonesia,2013,30.6,696.192807739943,255852467.0,3055.24246006469,178122647367.9211,0.22786826801471008
IDN,Indonesia,2014,29.3,704.653772045539,258877399.0,3170.72103011429,182418935702.68805,0.22223770724482167
IDN,Indonesia,2015,26.6,698.660737586188,261799249.0,3288.22269725538,182908856405.8501,0.21247366796943148
IDN,Indonesia,2016,27.8,718.57953489745,264627418.0,3416.81005170972,190155846947.5531,0.21030713560968473
IDN,Indonesia,2017,25.2,755.351304203294,267346658.0,3553.51999262321,201940646794.69202,0.2125642477800423
IDN,Indonesia,2018,22.0,826.038659966956,269951846.0,3701.32155461912,222990661125.44604,0.22317397928750302
IDN,Indonesia,2019,19.8,844.870039441295,272489381.0,3850.90321738979,230218114072.80408,0.21939529293441004
IDN,Indonesia,2020,21.9,848.436766186593,274814866.0,3739.44906563161,233163036209.04187,0.22688817290877797
IDN,Indonesia,2021,20.2,896.813534898965,276758053.0,3850.68877253903,248200367822.68512,0.23289691477912736
IND,India,1990,53.0,323.595830731166,864972221.0,537.870269533789,279901404413.8767,0.6016243117725206
IND,India,1991,52.0,331.222087309417,883927600.0,531.898397841583,292776344702.40344,0.622716835872226
IND,India,1992,51.5,336.206818642044,902957070.0,549.235069966802,303580323875.04144,0.612136473117723
IND,India,1993,51.5,339.038033254784,922118387.0,563.372872328964,312633204356.5538,0.6018004236753759
IND,India,1994,50.5,347.806182247067,941163767.0,588.727892188017,327342576669.5381,0.5907757843006887
IND,India,1995,49.5,361.640673294246,960301044.0,620.699954330379,347283916117.3274,0.582633639282912
IND,India,1996,49.1,367.704650910734,979678458.0,654.355928429641,360232325403.6562,0.5619337044797189
IND,India,1997,47.9,376.185592059812,999133762.0,667.598423095039,375859725804.9173,0.5634908337796634
IND,India,1998,48.0,378.300390670302,1018665080.0,695.293709344799,385361397726.19446,0.5440871758019908
IND,India,1999,47.1,392.976731815711,1038225823.0,742.53920839445,407998590809.21686,0.5292336450022916
IND,India,2000,46.9,394.916803104241,1057922733.0,756.704109527449,417791463647.66156,0.5218906546587423
IND,India,2001,47.1,393.38088619861,1077898575.0,778.507377528365,424024696665.71893,0.5053014236647707
IND,India,2002,45.8,397.344252941148,1097600380.0,793.615912906381,436125203019.02014,0.5006757632744453
IND,India,2003,45.6,399.699897139001,1116803006.0,841.278894571674,446386046622.7271,0.4751098591894462
IND,India,2004,44.9,415.47995649887,1135991513.0,892.596614581612,471981704404.32556,0.4654733725307915
IND,India,2005,44.2,425.369642526643,1154676322.0,947.732565646672,491164254323.11896,0.4488287708425404
IND,India,2006,43.2,441.785886693878,1172878890.0,1008.23275343783,518161340403.1814,0.4381784713772638
IND,India,2007,41.5,461.201738250187,1190676021.0,1069.24696813025,549141850578.0162,0.43133322047821404
IND,India,2008,39.4,481.553027437162,1207930964.0,1086.50605251513,581682812649.2896,0.4432124665319857
IND,India,2009,37.4,509.446000134302,1225524753.0,1155.10163274172,624338683481.4283,0.44103997924848726
IND,India,2010,36.2,531.86706609011,1243481564.0,1235.15939133951,661366891181.8214,0.4306060171823727
IND,India,2011,35.0,546.675890208969,1261224954.0,1281.61054354933,689481274481.716,0.4265538333470546
IND,India,2012,34.8,572.133085479526,1278674502.0,1333.09626557668,731571988153.2563,0.42917612197497884
IND,India,2013,34.9,577.254621645988,1295829511.0,1399.4537980287,748023574090.0106,0.4124856586613441
IND,India,2014,33.9,610.165371779455,1312277191.0,1484.31640682913,800706100124.2139,0.41107500326222246
IND,India,2015,33.4,622.339883988149,1328024498.0,1583.99815907985,826482612018.7399,0.3928917975193029
IND,India,2016,33.0,627.273531026365,1343944296.0,1694.46534973825,843020684054.6624,0.37018964779850005
IND,India,2017,32.5,648.014718317903,1359657400.0,1788.69770318446,881078007069.8523,0.362282971104747
IND,India,2018,32.9,668.303370218852,1374659064.0,1883.35772705062,918689285373.0927,0.3548467508960339
IND,India,2019,33.5,666.977347524506,1389030312.0,1936.03067741067,926451753128.897,0.34450763374088156
IND,India,2020,36.1,632.239828540427,1402617695.0,1806.50110583878,886790770994.5688,0.3499803163679053
IND,India,2021,34.9,676.814293488143,1414203896.0,1965.30943437506,957153410719.4193,0.34438052433374705
ITA,Italy,1990,3.8,2584.07898755354,56719240.0,27625.1792306413,146566996274.00626,0.09354071392548038
ITA,Italy,1991,4.7,2645.87384365211,56758521.0,28030.7653841073,150175886118.279,0.09439178015282629
ITA,Italy,1992,4.8,2627.54011715057,56797087.0,28245.4271054692,149236624629.7911,0.09302532786419773
ITA,Italy,1993,4.8,2612.19400052933,56831821.0,27987.4328969281,148455741855.35678,0.09333453375840141
ITA,Italy,1994,5.2,2578.66204057136,56843400.0,28583.6255328648,146579917837.01407,0.09021465935475798
ITA,Italy,1995,4.5,2799.59479171327,56844303.0,29408.3209572297,159141014617.371,0.09519736933587232
ITA,Italy,1996,4.8,2796.38058021046,56860281.0,29795.6597750915,159002985573.70978,0.09385194358233917
ITA,Italy,1997,4.8,2834.63680923621,56890372.0,30353.3778243995,161263542562.34103,0.09338785375503061
ITA,Italy,1998,4.8,2913.20022573948,56906744.0,30892.1758654455,165780739466.8988,0.09430220255213702
ITA,Italy,1999,5.0,2957.58654940452,56916317.0,31405.2609007683,168334933600.84384,0.09417487594672923
ITA,Italy,2000,5.1,3012.48356350836,56942108.0,32609.66746283,171537164421.51788,0.09238007615202233
ITA,Italy,2001,5.4,3020.75373063924,56976981.0,33243.599343976,172113427916.3111,0.09086722828605574
ITA,Italy,2002,5.6,3035.91851152815,57089824.0,33267.4474482048,173320053501.48404,0.09125793363782636
ITA,Italy,2003,6.2,3164.10814422149,57399184.0,33110.1698494812,181617225566.06784,0.09556302968560786
ITA,Italy,2004,5.9,3162.43494730256,57828179.0,33348.9744820456,182877854208.46802,0.09482855159474692
ITA,Italy,2005,6.7,3204.1351997897,58166682.0,33407.6754716472,186373913251.17395,0.0959101510223009
ITA,Italy,2006,7.5,3162.24131154867,58399861.0,33873.0493680093,184674453042.90002,0.09335567274126738
ITA,Italy,2007,8.7,3132.89653716264,58756247.0,34159.9109244074,184077242762.97275,0.09171266705277538
ITA,Italy,2008,10.8,3067.89962633863,59211181.0,33550.6340800063,181653960064.96896,0.09144088362153703
ITA,Italy,2009,12.5,2848.10100531328,59555454.0,31587.0638416305,169619948409.2888,0.09016669037657105
ITA,Italy,2010,12.8,2904.35856014464,59819407.0,31928.5543621096,173737006783.2262,0.0909642988281146
ITA,Italy,2011,11.9,2798.23628262725,60026841.0,32039.5032494316,167969284417.69702,0.08733706826983631
ITA,Italy,2012,14.4,2680.46208450702,60191247.0,30953.4147447427,161340355402.6969,0.08659665198852687
ITA,Italy,2013,16.3,2576.45615324387,60311613.0,30330.0221599668,155390226425.913,0.08494738776170714
ITA,Italy,2014,17.1,2433.16257781775,60320707.0,30325.0287793923,146770086939.90918,0.08023611768082581
ITA,Italy,2015,16.6,2533.02354460955,60229605.0,30639.8829751432,152563007547.53308,0.08267079696957333
ITA,Italy,2016,16.1,2511.46353090755,60115223.0,31077.6792675211,150977190216.8748,0.08081245415040529
ITA,Italy,2017,16.4,2557.32535513975,60002252.0,31635.52277108,153445280405.08478,0.0808371454344216
ITA,Italy,2018,17.1,2503.3498604998,60148658.0,31819.3971830067,150573134613.55017,0.07867370478774267
ITA,Italy,2019,17.3,2494.02659804115,59729081.0,32180.4341017428,148965916690.5543,0.07750133482214526
ITA,Italy,2020,18.7,2313.10006204514,59438851.0,29469.7989238626,137488009935.99182,0.07849052747258999
ITA,Italy,2021,17.5,2531.08698798735,59133173.0,32267.7091050201,149671204738.7049,0.07844024438640956
JPN,Japan,1990,4.3,3538.39176035754,123478000.0,28422.2131194472,436913537785.42834,0.12449388601398119
JPN,Japan,1991,4.5,3560.89610232943,123964000.0,29308.2740881269,441422924429.16547,0.12149798011381326
JPN,Japan,1992,4.0,3626.46889746532,124425000.0,29462.6539671073,451223392567.12244,0.12308697313941856
JPN,Japan,1993,4.2,3636.46948341282,124829000.0,29232.4397928009,453936849144.9389,0.12439842548853472
JPN,Japan,1994,3.3,3823.87113500931,125178000.0,29466.7552451648,478664540938.1954,0.12976899231674885
JPN,Japan,1995,3.7,3915.67795216885,125472000.0,30171.1637924153,491307944014.52997,0.1297821316774399
JPN,Japan,1996,3.6,3990.47398761077,125757000.0,31046.1701544217,501830037259.9676,0.12853353466023035
JPN,Japan,1997,3.8,4022.0891472937,126057000.0,31276.1930771989,507012491640.402,0.12859906374685673
JPN,Japan,1998,3.8,3938.28293836089,126400000.0,30795.0888900919,497798963408.8165,0.12788672091243758
JPN,Japan,1999,3.7,3994.22367709485,126631000.0,30636.2661169604,505792538454.19794,0.1303756685571949
JPN,Japan,2000,3.7,4067.03534426909,126843000.0,31430.631130325,515874964173.12415,0.12939718987523352
JPN,Japan,2001,3.5,3990.10602386433,127149000.0,31476.0520665746,507337990828.3257,0.12676640689959806
JPN,Japan,2002,3.7,3992.91998129661,127445000.0,31416.1241772309,508877687016.34644,0.12709779089142104
JPN,Japan,2003,4.2,3956.90048891144,127718000.0,31830.217584972,505367416642.79126,0.12431270626247969
JPN,Japan,2004,4.3,4085.4919552124,127761000.0,32515.1158024695,521966537689.8915,0.1256490052205845
JPN,Japan,2005,4.0,4066.44200433533,127773000.0,33098.5474664881,519581494219.9381,0.12285862418743772
JPN,Japan,2006,4.4,4064.36044717698,127854000.0,33531.518563066,519644740613.3656,0.12121015156330427
JPN,Japan,2007,4.3,4020.80546615948,128001000.0,33990.0360341367,514667120473.87964,0.11829365117828429
JPN,Japan,2008,4.4,3867.13557310575,128063000.0,33557.6454041595,495236982898.64166,0.11523858502379954
JPN,Japan,2009,4.5,3709.02326188514,128047000.0,31651.0837739562,474929301614.6065,0.11718471596025015
JPN,Japan,2010,4.7,3900.21212768124,128070000.0,32942.2020783835,499500167192.1364,0.11839561054239717
JPN,Japan,2011,4.8,3620.18019068219,127833000.0,33011.1342301291,462778494315.47644,0.10966542880486879
JPN,Japan,2012,4.7,3536.70253450885,127629000.0,33518.4449368599,451385807776.83,0.10551511387748103
JPN,Japan,2013,5.0,3567.33780517627,127445000.0,34239.8862473488,454639366580.68976,0.104186613804901
JPN,Japan,2014,5.6,3445.81632921551,127276000.0,34386.9058552671,438569719117.2333,0.10020722258986581
JPN,Japan,2015,6.2,3400.59271053608,127141000.0,34960.6393843385,432354757810.26776,0.0972691795808363
JPN,Japan,2016,6.4,3370.8877963853,127076000.0,35242.199377148,428358937613.4584,0.09564918920954393
JPN,Japan,2017,6.9,3391.05041453219,126972000.0,35861.9728545672,430568453233.98126,0.09455838997715162
JPN,Japan,2018,7.3,3343.05412833973,126811000.0,36138.5290824814,423936037068.8895,0.09250664631949054
JPN,Japan,2019,7.8,3261.62024942915,126633000.0,36043.7844013518,413028757045.96155,0.09049050491232062
JPN,Japan,2020,8.5,3046.85480668859,126261000.0,34642.9718743239,384698934747.30804,0.08795015675161538
JPN,Japan,2021,8.8,3196.03970960845,125681593.0,35741.1601062924,401683361994.84735,0.08942182346917642
KOR,"Korea, Rep.",1990,1.6,2088.02162760717,42869283.0,9672.57845182894,89511990064.01239,0.21587021888794877
KOR,"Korea, Rep.",1991,1.0,2259.93752469834,43295704.0,10618.8431439122,97845586127.83202,0.2128233268041035
KOR,"Korea, Rep.",1992,0.8,2545.85498921945,43747962.0,11176.560685871,111375967325.88292,0.22778518909111523
KOR,"Korea, Rep.",1993,0.7,2824.86789707394,44194628.0,11837.4692053797,124843985860.32507,0.23863782435777237
KOR,"Korea, Rep.",1994,0.4,2968.99819252669,44641540.0,12817.2447824958,132540651571.60794,0.2316409058974499
KOR,"Korea, Rep.",1995,0.4,3234.29761074072,45092991.0,13924.3044000347,145844153052.4528,0.23227714058970586
KOR,"Korea, Rep.",1996,0.6,3460.92201688076,45524681.0,14894.3278834104,157557370784.37323,0.23236510193491874
KOR,"Korea, Rep.",1997,0.7,3675.46830349413,45953580.0,15682.2717905189,168900926722.0818,0.23437090955892143
KOR,"Korea, Rep.",1998,0.9,3374.34870324412,46286503.0,14800.5091573641,156186801375.75507,0.2279886906164433
KOR,"Korea, Rep.",1999,0.8,3665.80037287776,46616677.0,16402.9168341094,170887431928.9221,0.2234846649502503
KOR,"Korea, Rep.",2000,0.7,3952.36285253717,47008111.0,17763.1353417297,185793111684.34393,0.22250367271886728
KOR,"Korea, Rep.",2001,0.7,3923.08094343002,47370164.0,18460.4288193829,185836987675.55478,0.21251299099351914
KOR,"Korea, Rep.",2002,0.7,4093.47640135718,47644736.0,19775.3800655139,195032602464.89288,0.2069986209011353
KOR,"Korea, Rep.",2003,0.8,4137.64649746404,47892330.0,20278.0406421178,198161531479.89197,0.20404567534350854
KOR,"Korea, Rep.",2004,0.8,4255.20021526328,48082519.0,21244.8136800528,204600745199.20078,0.2002936000920816
KOR,"Korea, Rep.",2005,0.9,4324.50929706891,48184561.0,22123.7613066851,208374582019.68402,0.19546899087914948
KOR,"Korea, Rep.",2006,0.9,4337.55103463972,48438292.0,23162.1860111297,210103563580.78085,0.18726863831226792
KOR,"Korea, Rep.",2007,1.0,4487.98132629667,48683638.0,24391.7651013448,218491258240.18695,0.18399575871814344
KOR,"Korea, Rep.",2008,1.1,4512.96932152779,49054708.0,24934.5396367691,221382392280.50388,0.1809926867417617
KOR,"Korea, Rep.",2009,1.2,4557.69756825002,49307835.0,25009.9148311999,224730199675.17322,0.18223562930987217
KOR,"Korea, Rep.",2010,1.3,4920.34159542887,49554112.0,26623.0487122927,243823158498.14093,0.18481510696244918
KOR,"Korea, Rep.",2011,1.4,5114.96282558864,49936638.0,27393.455357272,255424047004.87704,0.1867220749948508
KOR,"Korea, Rep.",2012,1.6,5122.94213308196,50199853.0,27944.0564190045,257170942008.2208,0.18332850665152153
KOR,"Korea, Rep.",2013,1.9,5108.23633855207,50428893.0,28732.711152033,257602703735.55414,0.17778469673547093
KOR,"Korea, Rep.",2014,2.9,5136.98533019492,50746659.0,29470.6732991655,260684842839.404,0.1743083803362029
KOR,"Korea, Rep.",2015,2.7,5239.00345362778,51014947.0,30171.7906545222,267267483519.63815,0.17363912913277982
KOR,"Korea, Rep.",2016,2.6,5390.84042635905,51217803.0,31005.4072876388,276107002961.69385,0.1738677507554711
KOR,"Korea, Rep.",2017,2.8,5467.82224967457,51361911.0,31979.9027302467,280837799751.60504,0.17097682553308974
KOR,"Korea, Rep.",2018,3.2,5531.77957372505,51585058.0,32852.8887488942,285357170153.82196,0.16838030944573315
KOR,"Korea, Rep.",2019,3.2,5334.67385872126,51764822.0,33496.3113815643,276148442724.7592,0.15926153175353386
KOR,"Korea, Rep.",2020,3.6,5195.91011087811,51836239.0,33215.9298928108,269336438329.9942,0.1564282598032188
KOR,"Korea, Rep.",2021,3.6,5513.62830573477,51769539.0,34792.9397214598,285437995605.2401,0.15846974558272353
MEX,Mexico,1990,14.4,1502.65916196056,82820170.0,8036.86114412537,124450487245.6311,0.18697090008316802
MEX,Mexico,1991,13.2,1547.4413301937,84430572.0,8197.01179494896,130651356644.69496,0.18878115207144647
MEX,Mexico,1992,13.4,1532.05083523555,86044809.0,8330.26426802488,131825021496.13338,0.18391383345618664
MEX,Mexico,1993,13.3,1529.66917943226,87653807.0,8411.79621338297,134081327027.8037,0.18184810243008412
MEX,Mexico,1994,11.9,1536.71971480805,89259205.0,8623.48043007968,137166380051.59326,0.17820179766951136
MEX,Mexico,1995,13.3,1461.03050354057,90862455.0,7970.64038496182,132752818381.58238,0.18330152070304054
MEX,Mexico,1996,13.1,1467.31082127073,92452702.0,8320.65295694833,135656850100.31807,0.17634563403409612
MEX,Mexico,1997,12.7,1518.26280329371,94021207.0,8770.84481553539,142748901308.8782,0.17310337090954814
MEX,Mexico,1998,12.2,1536.12241939376,95575245.0,9161.89527783381,146815276583.55136,0.16766426299482357
MEX,Mexico,1999,12.8,1555.69407717508,97115707.0,9264.97729259968,151082330180.57047,0.1679112671347481
MEX,Mexico,2000,12.2,1541.32297457171,98625552.0,9581.96970210753,152013829177.41684,0.16085659029298535
MEX,Mexico,2001,11.3,1563.12708165755,100099099.0,9398.35074355724,156467612496.42017,0.16631929625834677
MEX,Mexico,2002,10.7,1556.55451556538,101548624.0,9242.27886130016,158065969236.6509,0.1684167442818763
MEX,Mexico,2003,10.2,1644.23440955963,102978515.0,9221.99666693097,169320817808.3525,0.17829483884500494
MEX,Mexico,2004,10.2,1651.99432971724,104394131.0,9421.28975988024,172458512467.75873,0.17534693994362824
MEX,Mexico,2005,10.3,1718.63669370638,105811504.0,9491.51730225718,181851533390.6594,0.1810708065925003
MEX,Mexico,2006,9.8,1723.71763802356,107253666.0,9813.8280424425,184875035826.88782,0.17564172008811307
MEX,Mexico,2007,9.5,1693.77880726541,108774360.0,9877.69532644737,184239705741.85834,0.17147510135591493
MEX,Mexico,2008,9.8,1678.23287321257,110374288.0,9826.3421836048,185233758479.03168,0.17078917483788553
MEX,Mexico,2009,9.2,1616.79369985205,111999721.0,9074.1188145564,181080443297.98734,0.1781763863680563
MEX,Mexico,2010,9.4,1581.82622504404,113623895.0,9389.06722084275,179733256902.65036,0.16847533283525234
MEX,Mexico,2011,9.1,1632.53833582198,115243504.0,9575.93437788582,188139438234.45367,0.17048345063768205
MEX,Mexico,2012,9.0,1652.16322037583,116818208.0,9782.51776305354,193002746727.81354,0.16888936574341773
MEX,Mexico,2013,9.2,1633.00512016612,118343573.0,9738.71059803658,193255660647.753,0.16768186134367213
MEX,Mexico,2014,9.8,1582.66666115179,119784261.0,9862.48125444199,189578556415.40457,0.1604734772437685
MEX,Mexico,2015,9.2,1539.13826670827,121072306.0,10021.2386118827,186347019203.2133,0.1535876278689976
MEX,Mexico,2016,9.2,1525.3837445098,122251351.0,10100.5021214015,186480223559.76187,0.15102058552888503
MEX,Mexico,2017,10.1,1478.43896510686,123400057.0,10193.7727193457,182439452565.20752,0.14503354212529035
MEX,Mexico,2018,10.3,1493.47882156246,124573711.0,10296.8690928534,186048199101.94247,0.14504203249500544
MEX,Mexico,2019,10.3,1469.65350320528,125762982.0,10159.4448364319,184828007069.84256,0.1446588398152509
MEX,Mexico,2020,12.3,1366.42722558757,126799054.0,9234.64362317923,173261679564.34848,0.14796751031710603
MEX,Mexico,2021,13.0,1417.70559078908,127648148.0,9728.05680032556,180967493073.47192,0.14573368760980454
RUS,Russian Federation,1990,3.8,5942.67811987717,147969406.0,7849.51904296875,879334551447.4216,0.7570754446669387
RUS,Russian Federation,1991,3.8,5871.9943382327,148394216.0,7432.021484375,871369996178.4803,0.7900938325565818
RUS,Russian Federation,1992,4.0,5357.07699443819,148538197.0,6345.912109375,795730557944.0278,0.8441776220827302
RUS,Russian Federation,1993,4.0,5060.11636686839,148458777.0,5798.91455078125,751218687302.9646,0.8725971597885804
RUS,Russian Federation,1994,3.9,4427.26643919973,148407912.0,5071.74267578125,657041368109.3068,0.872928049039427
RUS,Russian Federation,1995,3.9,4291.53342502059,148375787.0,4862.646484375,636759649374.2355,0.8825509809957292
RUS,Russian Federation,1996,3.7,4254.59294421479,148160129.0,4686.86279296875,630361039457.353,0.9077698947358875
RUS,Russian Federation,1997,3.8,4070.65837100817,147915361.0,4760.33935546875,602112902455.3453,0.8551193658770851
RUS,Russian Federation,1998,3.6,3982.26585700237,147670784.0,4515.50927734375,588064321199.9719,0.8819084653381422
RUS,Russian Federation,1999,3.8,4137.74703962256,147214776.0,4819.38037109375,609137503582.6982,0.8585641142667279
RUS,Russian Federation,2000,3.5,4224.98951887146,146596869.0,5323.66650390625,619370235024.3724,0.793624002512435
RUS,Russian Federation,2001,3.6,4287.90829493258,145976482.0,5618.95556640625,625933768032.8765,0.7631148252120855
RUS,Russian Federation,2002,3.5,4289.43957286052,145306497.0,5910.171875,623283438425.5383,0.7257723909866022
RUS,Russian Federation,2003,3.3,4461.83176005763,144648618.0,6370.45361328125,645397797840.8438,0.7003946706017157
RUS,Russian Federation,2004,3.5,4494.50152836851,144067316.0,6856.67822265625,647510771949.9491,0.6554925552022416
RUS,Russian Federation,2005,3.6,4541.20863501769,143518814.0,7323.38525390625,651748877424.2977,0.6200969193305017
RUS,Russian Federation,2006,3.5,4689.15108443259,143049637.0,7949.89697265625,670781360466.2384,0.5898379690404759
RUS,Russian Federation,2007,3.7,4710.47452096269,142805114.0,8640.40625,672679850960.1724,0.5451681766656157
RUS,Russian Federation,2008,3.3,4822.38136319959,142742366.0,9093.7001953125,688358125537.4148,0.5302991367238351
RUS,Russian Federation,2009,3.6,4529.20319928613,142785348.0,8381.8681640625,646703854972.7834,0.5403572462169256
RUS,Russian Federation,2010,3.3,4853.36753031766,142849468.0,8755.1201171875,693300969714.3516,0.5543461957523386
RUS,Russian Federation,2011,3.2,5004.23439250465,143018195.0,9120.8203125,715696570172.9365,0.5486605613363956
RUS,Russian Federation,2012,3.2,5056.08323400834,143378447.0,9464.0107421875,724933361994.8534,0.5342431841787706
RUS,Russian Federation,2013,3.6,4896.95029768812,143805638.0,9601.537109375,704209061813.3301,0.510017327632542
RUS,Russian Federation,2014,3.3,4894.4255206275,144237223.0,9493.8125,705958345275.6399,0.5155384647239979
RUS,Russian Federation,2015,3.2,4785.19572494067,144640716.0,9277.7138671875,692134135855.5575,0.5157731520331185
RUS,Russian Federation,2016,3.4,4917.54083897618,145015460.0,9269.3193359375,713119446832.9166,0.5305180090096463
RUS,Russian Federation,2017,3.2,4999.07990773733,145293260.0,9418.9140625,726332616795.656,0.5307490730423394
RUS,Russian Federation,2018,3.2,5259.90837585133,145398106.0,9674.787109375,764780715582.3195,0.5436717435109665
RUS,Russian Federation,2019,3.2,5065.14820867318,145453291.0,9882.0244140625,736742476354.2688,0.5125617987206427
RUS,Russian Federation,2020,3.7,5044.85366917672,145245148.0,9632.3251953125,732740517817.9158,0.5237420422258752
RUS,Russian Federation,2021,3.5,5681.39248037781,144746762.0,10231.318359375,822363165185.8365,0.5552942720399201
SAU,Saudi Arabia,1990,0.0,5451.71882279534,10640691.0,25918.9650837526,58010055412.24897,0.2103370564827363
SAU,Saudi Arabia,1991,0.0,6050.38289786175,11160744.0,26742.682261559,67526774625.013145,0.22624442973541262
SAU,Saudi Arabia,1992,0.0,6582.97119687211,11686676.0,26709.0328186878,76933051495.17656,0.24646984567206534
SAU,Saudi Arabia,1993,0.0,6537.84679475271,12215862.0,25649.064468644,79865434221.84143,0.25489611142524254
SAU,Saudi Arabia,1994,0.0,6591.02644141393,12750040.0,24808.6528928409,84035850769.08527,0.26567449953382677
SAU,Saudi Arabia,1995,0.0,6316.7131696411,13289245.0,23876.246129794,83944348906.08714,0.26456056514507037
SAU,Saudi Arabia,1996,0.0,6494.45936719249,13831009.0,23699.1352161738,89824925957.77364,0.2740378207032743
SAU,Saudi Arabia,1997,0.0,6019.93240274695,14374943.0,23406.0346643453,86536185153.34045,0.25719573986264266
SAU,Saudi Arabia,1998,0.0,6169.38088980637,14922185.0,23179.8581162861,92060642973.15526,0.2661526597296892
SAU,Saudi Arabia,1999,0.0,6054.28343091785,15472075.0,22214.4256445476,93672327314.41829,0.27253837338818787
SAU,Saudi Arabia,2000,0.0,6516.00755562211,16177722.0,22247.8566987439,105414158784.75403,0.2928824849896664
SAU,Saudi Arabia,2001,0.0,6348.58935367071,17041397.0,21193.0922894351,108188831565.87598,0.2995593690136255
SAU,Saudi Arabia,2002,0.0,6826.99573187577,17910910.0,20025.4319998275,122277706124.01105,0.34091627745831293
SAU,Saudi Arabia,2003,0.0,6631.81585672969,18786767.0,20765.9387688082,124590379287.28606,0.319360272153509
SAU,Saudi Arabia,2004,0.0,6375.54473048108,19669480.0,21545.894988606,125403649565.30298,0.29590530975170093
SAU,Saudi Arabia,2005,0.0,6447.07190249029,20559890.0,21838.1915349374,132551089137.29109,0.29522004567896887
SAU,Saudi Arabia,2006,0.0,6605.44101687621,21459144.0,21616.3355772516,141747109964.653,0.30557635420073614
SAU,Saudi Arabia,2007,0.0,6696.94747279399,22368313.0,21196.7926036633,149799417216.01495,0.3159415482338871
SAU,Saudi Arabia,2008,0.0,6980.05897029755,23287877.0,21629.8405734551,162550754753.036,0.32270505862459864
SAU,Saudi Arabia,2009,0.0,7125.05300494705,24217654.0,20577.5453445336,172552068405.46796,0.3462537871087628
SAU,Saudi Arabia,2010,0.0,7965.26121862505,23978487.0,21830.1424272816,190994912582.4049,0.36487445032290267
SAU,Saudi Arabia,2011,0.0,7979.3799657336,25091867.0,23314.5576023168,200217540842.65207,0.34224882589840255
SAU,Saudi Arabia,2012,0.0,7862.42354103658,26168861.0,23643.0358324647,205750668768.51407,0.3325471228293169
SAU,Saudi Arabia,2013,0.0,7401.17130265584,27624004.0,23057.3494468535,204449985669.25012,0.3209896835590456
SAU,Saudi Arabia,2014,0.0,7959.81351652344,28309273.0,23404.7306039825,225336533868.35208,0.3400942164730157
SAU,Saudi Arabia,2015,0.0,7786.91651664863,29816382.0,23256.1549553531,232177677462.5049,0.3348325005400877
SAU,Saudi Arabia,2016,0.0,7521.58911581712,30954198.0,22783.0328538685,232824758765.64807,0.330139940720841
SAU,Saudi Arabia,2017,0.0,7707.05632967392,30977355.0,23035.1199977707,238744219929.30606,0.3345785188190813
SAU,Saudi Arabia,2018,0.0,7650.66372475004,30196281.0,24393.5188306638,231021591669.05887,0.3136351002846213
SAU,Saudi Arabia,2019,0.0,7668.22165933444,30063799.0,24905.6697428558,230535874653.6771,0.30789060236109783
SAU,Saudi Arabia,2020,0.1,7170.88694947248,31552510.0,22827.671935548,226259482182.09995,0.31413133015573697
SAU,Saudi Arabia,2021,0.1,7465.87573152761,30784383.0,24922.6716948944,229832377949.75113,0.29956161293321737
TUR,Turkiye,1990,24.4,918.261888219127,56015628.0,5188.18244439241,51437016337.060196,0.17699105574277177
TUR,Turkiye,1991,24.0,887.162812412747,57009887.0,5134.41760859332,50577051686.25291,0.17278742791157645
TUR,Turkiye,1992,24.0,911.309124510702,57990118.0,5301.80855995835,52846923664.8523,0.1718864636858674
TUR,Turkiye,1993,23.6,955.118552884009,58999167.0,5609.85056721492,56351199006.40198,0.17025739659910216
TUR,Turkiye,1994,24.0,927.181663056975,60033836.0,5255.80339746778,55662271902.1697,0.17641102471673248
TUR,Turkiye,1995,21.9,997.967536333338,61024503.0,5577.82539654281,60900472914.876396,0.1789169551545819
TUR,Turkiye,1996,21.0,1073.12750011037,61951134.0,5887.67309798528,66481465558.42255,0.18226682804070535
TUR,Turkiye,1997,20.7,1109.80579406891,62852966.0,6230.18622126407,69754585841.2162,0.1781336471582605
TUR,Turkiye,1998,21.5,1111.04759170567,63734383.0,6261.28870069222,70811932740.9968,0.1774471111007607
TUR,Turkiye,1999,20.5,1079.90999533335,64591923.0,5989.55700860592,69753463265.5021,0.18029880904075427
TUR,Turkiye,2000,17.3,1166.01412005443,65425961.0,6326.25746472488,76287594344.13045,0.1843134154049385
TUR,Turkiye,2001,18.1,1060.57071953568,66245128.0,5906.92348536699,70257643068.69322,0.17954705561414397
TUR,Turkiye,2002,17.5,1107.27991011855,67048795.0,6211.70542960394,74241783701.15709,0.17825698959281633
TUR,Turkiye,2003,16.3,1159.99665803769,67831730.0,6496.07277294612,78684580108.91492,0.17856891364713032
TUR,Turkiye,2004,16.8,1176.75430160118,68592617.0,7061.62219794984,80716657112.83223,0.16664078997922324
TUR,Turkiye,2005,15.3,1211.46561646669,69329557.0,7623.14640948457,83990374510.36752,0.15891936890512928
TUR,Turkiye,2006,14.2,1328.69230138979,70045349.0,8078.5153787571,93068715964.46101,0.16447233669736636
TUR,Turkiye,2007,12.5,1429.92300570179,70158112.0,8477.53328393352,100320698385.40283,0.16867206035177193
TUR,Turkiye,2008,12.5,1385.17801532797,71051678.0,8447.93976396947,98419222317.76198,0.16396636979299556
TUR,Turkiye,2009,13.1,1364.09730379872,72039206.0,7925.30110421185,98268486672.40057,0.17211930321155613
TUR,Turkiye,2010,14.2,1445.41016354332,73142150.0,8472.57809050119,105720406993.41005,0.17059862394939787
TUR,Turkiye,2011,12.7,1515.88033612695,74223629.0,9265.85910238578,112514139677.08203,0.16359846608682405
TUR,Turkiye,2012,13.0,1567.31606123672,75175827.0,9588.32066531438,117824281073.85307,0.1634609558800494
TUR,Turkiye,2013,13.8,1510.79118967025,76147624.0,10269.4489140773,115043159453.52289,0.1471151180857686
TUR,Turkiye,2014,11.5,1543.09095693879,77181884.0,10597.9801881716,119098667239.89868,0.14560236285976766
TUR,Turkiye,2015,13.3,1646.83631130339,78218479.0,11064.6494504662,128813031432.12167,0.14883763997005814
TUR,Turkiye,2016,13.2,1724.54363987712,79277962.0,11279.6169531569,136718305149.52,0.15289026631302943
TUR,Turkiye,2017,11.4,1828.02986770908,80312698.0,12005.6459824832,146814010700.2993,0.15226418223361418
TUR,Turkiye,2018,11.8,1771.33742856964,81407204.0,12255.0082146169,144199627400.4041,0.1445398809653114
TUR,Turkiye,2019,14.1,1774.19625722275,82579440.0,12238.2950220128,146512133371.55066,0.14497086841194262
TUR,Turkiye,2020,13.7,1762.01062220058,83384680.0,12338.643833135,146924691888.79626,0.14280423732377798
TUR,Turkiye,2021,12.0,1894.62719281739,84147318.0,13670.938029516,159427796885.45224,0.13858794390895696
USA,United States,1990,4.2,7669.4512686363,249623000.0,39009.3725082423,1914471434030.799,0.19660534829202445
USA,United States,1991,4.5,7629.84715395512,252981000.0,38449.8815276871,1930206362854.7202,0.1984361680922475
USA,United States,1992,4.8,7675.63655553518,256514000.0,39256.0481325055,1968908235406.5513,0.19552748992019556
USA,United States,1993,4.3,7708.10161116809,259919000.0,39807.8795034206,2003482062673.1987,0.19363255986809724
USA,United States,1994,4.1,7755.08252133275,263126000.0,40907.0184352707,2040563843508.2012,0.18957828798019147
USA,United States,1995,4.7,7760.89035266192,266278000.0,41507.9135604158,2066554361326.1106,0.18697375239942501
USA,United States,1996,4.8,7841.59288605808,269394000.0,42575.6896936773,2112478073946.7302,0.18418005539021476
USA,United States,1997,4.5,7825.23663798017,272657000.0,43936.9050018073,2133605546001.759,0.17810168098226958
USA,United States,1998,4.5,7800.439490719,275854000.0,45374.6215189233,2151782435272.799,0.17191194614077077
USA,United States,1999,5.7,7920.05392329598,279040000.0,47004.469017723,2210011846756.5103,0.16849576410085026
USA,United States,2000,5.4,8055.14548852416,282162411.0,48379.7551705781,2272859271997.75,0.16649826895822853
USA,United States,2001,4.7,7824.24393877407,284968955.0,48361.0167607073,2229666618897.531,0.16178824315230622
USA,United States,2002,4.8,7840.46095949898,287625193.0,48729.1586442625,2255114096684.8594,0.16089875502954404
USA,United States,2003,5.3,7791.30391526846,290107933.0,49662.7520549839,2260319074233.34,0.1568842561653118
USA,United States,2004,5.5,7878.53717143427,292805298.0,51098.5573007417,2306877424285.8887,0.1541831626490933
USA,United States,2005,5.8,7843.3910574627,295516599.0,52393.4513113092,2317852249928.3906,0.14970174441953002
USA,United States,2006,6.4,7694.40657948116,298379912.0,53335.5896950225,2295856358077.8096,0.1442640200188737
USA,United States,2007,6.3,7756.0141894981,301231207.0,53889.3964951775,2336353515811.639,0.14392468080788726
USA,United States,2008,6.8,7484.83268900712,304093966.0,53442.7136899777,2276092457246.6196,0.14005338000661402
USA,United States,2009,7.3,7053.35846690965,306771529.0,51611.3217087719,2163769561478.9692,0.13666300790957764
USA,United States,2010,7.4,7162.55933024159,309378227.0,52555.7695134023,2215939906372.4507,0.1362849292581485
USA,United States,2011,8.4,7009.64607964907,311839461.0,52956.6630340962,2185884255278.529,0.13236570580619672
USA,United States,2012,8.5,6820.46062064875,314339099.0,53738.1476714593,2143937446259.7087,0.12692027760888272
USA,United States,2013,8.9,6888.38143742637,316726282.0,54462.6252412407,2181731441673.8699,0.12647905617686395
USA,United States,2014,9.0,6915.64165280321,319257560.0,55394.4510435329,2207870879908.32,0.12484358130687867
USA,United States,2015,8.9,6789.64733291075,321815121.0,56572.9188996063,2185011177988.0005,0.12001585679111919
USA,United States,2016,9.3,6663.4963294418,324353340.0,57151.4708448372,2161327290532.1882,0.11659361046949766
USA,United States,2017,9.7,6590.83509745633,326608609.0,58151.7021391854,2152623483328.5913,0.113338644528087
USA,United States,2018,9.9,6738.27272433986,328529577.0,59526.665698712,2213721887838.0117,0.11319755012728117
USA,United States,2019,10.2,6700.93033990565,330226227.0,60750.9898621637,2212822943536.87,0.1103015828237402
USA,United States,2020,11.0,6141.53125755889,331577720.0,59194.6665172031,2036394931690.1094,0.10375142929091498
USA,United States,2021,10.9,6445.83409243358,332099760.0,62680.2503585805,2140659955097.0098,0.1028367636625304
ZAF,South Africa,1990,16.6,2238.59314975903,40746268.0,4544.23023212165,91214316423.04558,0.49262318047513537
ZAF,South Africa,1991,17.5,2247.25101078796,41687898.0,4396.36069450543,93683170918.12537,0.511161655502146
ZAF,South Africa,1992,18.4,2104.60311343692,42443509.0,4225.814328485,89326741186.58794,0.4980349229379046
ZAF,South Africa,1993,18.6,2197.40025902621,43297156.0,4193.59826135345,95141181809.49821,0.52398921453125
ZAF,South Africa,1994,18.6,2255.95489604194,44004139.0,4258.26184733408,99271352823.16008,0.5297830375213538
ZAF,South Africa,1995,18.1,2357.97344794861,44541554.0,4337.29729686998,105027801662.3692,0.5436504086658406
ZAF,South Africa,1996,17.4,2395.08882561738,45123018.0,4465.50649854807,108073636189.93188,0.5363532281043879
ZAF,South Africa,1997,17.1,2418.36525437478,45666838.0,4527.04992403877,110439094296.36186,0.5342033542712195
ZAF,South Africa,1998,17.3,2434.78353341314,46223880.0,4494.85711232358,112545141874.46498,0.5416820763306753
ZAF,South Africa,1999,17.7,2365.70130153691,46730335.0,4552.85007973031,110550014330.75581,0.519608873586508
ZAF,South Africa,2000,16.2,2269.37063464901,47159719.0,4700.87555500704,107022881436.89897,0.4827548842963598
ZAF,South Africa,2001,15.0,2180.26593384169,47566800.0,4786.482450463,103708273621.86092,0.4555048423150056
ZAF,South Africa,2002,13.3,2072.05766349373,48019415.0,4916.81498068625,99498996847.23578,0.4214227445272974
ZAF,South Africa,2003,11.8,2300.85052603256,48500348.0,5011.62223150169,111592051208.56223,0.4591029450643828
ZAF,South Africa,2004,11.0,2478.00378605228,48991421.0,5187.35683424034,121400926722.08116,0.4777006605166714
ZAF,South Africa,2005,9.7,2374.43550245537,49490033.0,5406.07581377638,117510891372.88785,0.4392160939372257
ZAF,South Africa,2006,9.3,2397.99082240112,49998277.0,5650.9883176549,119895409381.869,0.424348925816973
ZAF,South Africa,2007,8.7,2576.78503956652,50528584.0,5891.42069421698,130201299321.68024,0.4373792287649552
ZAF,South Africa,2008,9.7,2738.08467369962,51114599.0,6009.71963138635,139956100124.20193,0.45560938640127313
ZAF,South Africa,2009,9.2,2735.00618529644,51728516.0,5847.05811084505,141477811216.20587,0.4677576540967816
ZAF,South Africa,2010,9.4,2518.44190314477,52344051.0,5953.94506512821,131825451418.7469,0.42298709101215715
ZAF,South Africa,2011,9.0,2536.41417638413,52995205.0,6067.12482726885,134417789242.38312,0.41805867665424495
ZAF,South Africa,2012,8.3,2394.39798705356,53782567.0,6121.55783860713,128776870163.37321,0.3911419364451141
ZAF,South Africa,2013,7.8,2341.17923180198,54678791.0,6170.87670863373,128012849909.24103,0.3793916719364065
ZAF,South Africa,2014,7.6,2438.67891656885,55594838.0,6155.00589462516,135577959300.66074,0.3962106549237295
ZAF,South Africa,2015,7.6,2257.19467617813,56723537.0,6112.27382485974,128036065730.39317,0.3692888670984773
ZAF,South Africa,2016,7.8,2311.76901865151,57259551.0,6095.295060428,132370856023.69609,0.3792710600115201
ZAF,South Africa,2017,7.9,2283.45815447669,57635162.0,6125.6920507497,131607480653.48506,0.3727673764137762
ZAF,South Africa,2018,8.0,2184.87777550689,58613001.0,6117.2701406047,128062243240.66312,0.35716548808336784
ZAF,South Africa,2019,8.7,2231.91074710296,59587885.0,6032.82972598668,132994840928.63527,0.3699608390220109
ZAF,South Africa,2020,9.8,2037.46194166103,60562381.0,5569.58483319272,123393546383.87508,0.3658193568609442
ZAF,South Africa,2021,9.7,2124.62297436572,61502603.0,5750.90937479584,130669843317.09406,0.3694412197968508
